<?xml version="1.0" encoding="UTF-8"?>
<beans xmlns="http://www.springframework.org/schema/beans"
	xmlns:xsi="http://www.w3.org/2001/XMLSchema-instance"
	xsi:schemaLocation="http://www.springframework.org/schema/beans http://www.springframework.org/schema/beans/spring-beans.xsd">


	<bean id="employee3" class="com.lgy.spring_ex6.Employee">
		<constructor-arg value="이찬원"></constructor-arg>
		<property name="sal">
			<value>200</value>
		</property>
		<property name="ja">
			<list>
				<value>정보처리산업기사</value>
				<value>컴활1급</value>
			</list>
		</property>
	</bean>

</beans>
