<?xml version="1.0" encoding="UTF-8"?>
<beans xmlns="http://www.springframework.org/schema/beans"
	xmlns:xsi="http://www.w3.org/2001/XMLSchema-instance"
	xsi:schemaLocation="http://www.springframework.org/schema/beans http://www.springframework.org/schema/beans/spring-beans.xsd">

	<bean id="nasdaq1" class="com.lgy.spring_ex6_5.Nasdaq">
		<constructor-arg value="Tesla"></constructor-arg>
		<property name="caprank">
			<value>6</value>
		</property>
		<property name="product">
			<list>
				<value>모델X</value>
				<value>모델S</value>
			</list>
		</property>
	</bean>
	
	<bean id="nasdaqInfo1" class="com.lgy.spring_ex6_5.NasdaqInfo">
		<property name="nasdaq">
			<ref bean="nasdaq1"/>
		</property>
	</bean>

</beans>
