<?xml version="1.0" encoding="UTF-8"?>
<beans xmlns="http://www.springframework.org/schema/beans"
	xmlns:xsi="http://www.w3.org/2001/XMLSchema-instance"
	xsi:schemaLocation="http://www.springframework.org/schema/beans http://www.springframework.org/schema/beans/spring-beans.xsd">

	<bean id="professor3" class="com.lgy.spring_ex6_2.Professor">
		<constructor-arg value="이교수"></constructor-arg>
		<property name="age">
			<value>44</value>
		</property>
		<property name="subject">
			<list>
				<value>HTML</value>
				<value>CSS</value>
			</list>
		</property>
	</bean>
</beans>
