<?xml version="1.0" encoding="UTF-8"?>
<beans xmlns="http://www.springframework.org/schema/beans"
	xmlns:xsi="http://www.w3.org/2001/XMLSchema-instance"
	xsi:schemaLocation="http://www.springframework.org/schema/beans http://www.springframework.org/schema/beans/spring-beans.xsd">

	<bean id="singer3" class="com.lgy.spring_ex6_3.Singer">
		<constructor-arg value="블랙핑크"></constructor-arg>
		<property name="member">
			<value>4</value>
		</property>
		<property name="song">
			<list>
				<value>아이스크림</value>
				<value>하우 유 라이크 댓</value>
			</list>
		</property>
	</bean>
	
</beans>
