<?xml version="1.0" encoding="UTF-8"?>
<beans xmlns="http://www.springframework.org/schema/beans"
	xmlns:xsi="http://www.w3.org/2001/XMLSchema-instance"
	xmlns:context="http://www.springframework.org/schema/context"
	xsi:schemaLocation="http://www.springframework.org/schema/beans http://www.springframework.org/schema/beans/spring-beans.xsd
		http://www.springframework.org/schema/context http://www.springframework.org/schema/context/spring-context-3.1.xsd">

	<context:annotation-config></context:annotation-config>

	<bean id="champion" class="com.lgy.spring_7_2.Champion">
		<constructor-arg value="아펠리오스"></constructor-arg>
		<constructor-arg value="6"></constructor-arg>
	</bean>

	<bean id="otherchampion" class="com.lgy.spring_7_2.OtherChampion">
		<constructor-arg value="미스포춘"></constructor-arg>
		<constructor-arg value="1"></constructor-arg>
	</bean>	

</beans>
