<?xml version="1.0" encoding="UTF-8"?>
<beans xmlns="http://www.springframework.org/schema/beans"
	xmlns:xsi="http://www.w3.org/2001/XMLSchema-instance"
	xmlns:context="http://www.springframework.org/schema/context"
	xsi:schemaLocation="http://www.springframework.org/schema/beans http://www.springframework.org/schema/beans/spring-beans.xsd
		http://www.springframework.org/schema/context http://www.springframework.org/schema/context/spring-context-3.1.xsd">
<!-- xml 에서 자바 스프링 설정파일 추가하기 위한 설정 -->
	<context:annotation-config></context:annotation-config>
	<bean class="com.lgy.spring_6_3.ApplicationConfig"></bean>
	
	<bean id="student2" class="com.lgy.spring_6_3.Student">
		<constructor-arg value="홍길순"></constructor-arg>
		<constructor-arg value="30"></constructor-arg>
		<constructor-arg>
			<list>
				<value>마라톤</value>
				<value>요리</value>
			</list>
		</constructor-arg>
		<property name="height">
			<value>190</value>
		</property>
		<property name="weight">
			<value>70</value>
		</property>
	</bean>
</beans>
