<?xml version="1.0" encoding="UTF-8"?>
<beans xmlns="http://www.springframework.org/schema/beans"
	xmlns:xsi="http://www.w3.org/2001/XMLSchema-instance"
	xsi:schemaLocation="http://www.springframework.org/schema/beans http://www.springframework.org/schema/beans/spring-beans.xsd">

<bean id="capital" class="com.lgy.Spring_ex3_10.Capital"></bean>

<bean id="myCapital" class="com.lgy.Spring_ex3_10.MyCapital">
	<property name="capital">
		<ref bean="capital"/>
	</property>
	<property name="endChar" value="F"></property>
</bean>

</beans>
