<?xml version="1.0" encoding="UTF-8"?>
<beans xmlns="http://www.springframework.org/schema/beans"
	xmlns:xsi="http://www.w3.org/2001/XMLSchema-instance"
	xsi:schemaLocation="http://www.springframework.org/schema/beans http://www.springframework.org/schema/beans/spring-beans.xsd">

<bean id="divAndRemains" class="com.lgy.Spring_ex3_6.DivAndRemains"></bean>

<bean id="myDivAndRemains" class="com.lgy.Spring_ex3_6.MyDivAndRemains">
	<property name="divAndRemains">
		<ref bean="divAndRemains"/>
	</property>
	<property name="num" value="77"></property>
</bean>

</beans>
