<?xml version="1.0" encoding="UTF-8"?>
<beans xmlns="http://www.springframework.org/schema/beans"
	xmlns:xsi="http://www.w3.org/2001/XMLSchema-instance"
	xsi:schemaLocation="http://www.springframework.org/schema/beans http://www.springframework.org/schema/beans/spring-beans.xsd">

<bean id="season" class="com.lgy.Spring_ex3_3.Season"></bean>

<bean id="mySeason" class="com.lgy.Spring_ex3_3.MySeason">
	<property name="season">
		<ref bean="season"/>
	</property>
	<property name="month" value="9"></property>
</bean>

</beans>
